{
    "schemaVersion": 4,
    "keyframes": [
        {
            "id": 366,
            "t_s": 0,
            "position": [
                2.6869213581085205,
                -0.07126802206039429,
                -1.6297590732574463
            ],
            "quaternion": [
                -0.0019350604012479552,
                0.8932422237223022,
                0.0355603558545731,
                0.44816296858148286
            ],
            "target": [
                0,
                0,
                0
            ],
            "azimuth": -0.54522364630547,
            "elevation": -0.02267447192481689,
            "radius": 3.1433644638337928,
            "lookAtRelativeQuaternion": [
                -0.043250799602168946,
                0.047885944250535786,
                0.015218084203173528,
                0.9977999371645518
            ],
            "focalLength": 20,
            "smoothness": 1,
            "keyframeType": 0
        },
        {
            "id": 992,
            "t_s": 3.040892857142857,
            "position": [
                -0.6838465929031372,
                1.4164206981658936,
                -4.746477127075195
            ],
            "quaternion": [
                0.04013199094517923,
                0.9835670468713485,
                0.16652047877507886,
                -0.05706327816310648
            ],
            "target": [
                0,
                0,
                0
            ],
            "azimuth": -1.7138862441084761,
            "elevation": 0.2871994427162789,
            "radius": 5.000293878830122,
            "lookAtRelativeQuaternion": [
                -0.0262454765867077,
                -0.017279098438109573,
                0.025919814625905854,
                0.9991700410242055
            ],
            "focalLength": 20,
            "smoothness": 1,
            "keyframeType": 0
        },
        {
            "id": 1404,
            "t_s": 6.081785714285714,
            "position": [
                -2.568537473678589,
                1.0472906827926636,
                -2.979387044906616
            ],
            "quaternion": [
                0.08733879981263941,
                0.936525429690822,
                0.13922381381129725,
                -0.30969143220992057
            ],
            "target": [
                0,
                0,
                0
            ],
            "azimuth": -2.282274777311066,
            "elevation": 0.26019873561306917,
            "radius": 4.070743137476607,
            "lookAtRelativeQuaternion": [
                -0.03168169640797383,
                -0.039902275467420804,
                0.028444870179319244,
                0.9982960321529893
            ],
            "focalLength": 20,
            "smoothness": 1,
            "keyframeType": 0
        },
        {
            "id": 1680,
            "t_s": 9.122678571428567,
            "position": [
                -3.4866135120391846,
                1.1758304834365845,
                -1.7412559986114502
            ],
            "quaternion": [
                -0.12166568276762955,
                -0.8487097704253986,
                -0.13337046103150027,
                0.4970930656784301
            ],
            "target": [
                0,
                0,
                0
            ],
            "azimuth": -2.6784156995323447,
            "elevation": 0.2930238030805567,
            "radius": 4.070752210687023,
            "lookAtRelativeQuaternion": [
                -0.031973662731645064,
                -0.028186070323049664,
                0.029537882054009257,
                0.9986544710034657
            ],
            "focalLength": 20,
            "smoothness": 1,
            "keyframeType": 0
        },
        {
            "id": 1958,
            "t_s": 12.163571428571428,
            "position": [
                -2.9392144680023193,
                0.9861053228378296,
                -0.5193385481834412
            ],
            "quaternion": [
                -0.16224552338766646,
                -0.7789914989328011,
                -0.12294533330932508,
                0.5930708906706745
            ],
            "target": [
                0,
                0,
                0
            ],
            "azimuth": -2.9667047925161643,
            "elevation": 0.31909193748170517,
            "radius": 3.1434213723700077,
            "lookAtRelativeQuaternion": [
                -0.040572504680686725,
                -0.05284265117618215,
                0.0373743284576708,
                0.9970780748092419
            ],
            "focalLength": 20,
            "smoothness": 1,
            "keyframeType": 0
        },
        {
            "id": 2480,
            "t_s": 15.20446428571428,
            "position": [
                -2.2428455352783203,
                0.7815136909484863,
                2.05914044380188
            ],
            "quaternion": [
                -0.13627055881781958,
                -0.4420329329180441,
                -0.09421678553506375,
                0.8815670242738112
            ],
            "target": [
                0,
                0,
                0
            ],
            "azimuth": 2.3988709546557963,
            "elevation": 0.2512529791736081,
            "radius": 3.1434342861842084,
            "lookAtRelativeQuaternion": [
                -0.037972791673610354,
                -0.04568815265392819,
                -0.0374527146362906,
                0.9975309288007805
            ],
            "focalLength": 20,
            "smoothness": 1,
            "keyframeType": 0
        },
        {
            "id": 2734,
            "t_s": 18.245357142857134,
            "position": [
                -0.5895587801933289,
                0.25971388816833496,
                3.0767180919647217
            ],
            "quaternion": [
                -0.06810962468597359,
                -0.1055871930086606,
                -0.05710126455228232,
                0.9904301435648643
            ],
            "target": [
                0,
                0,
                0
            ],
            "azimuth": 1.7601207549262499,
            "elevation": 0.08271516054049938,
            "radius": 3.143441597426871,
            "lookAtRelativeQuaternion": [
                -0.03195993888039093,
                -0.009404133458873901,
                -0.0508401270127923,
                0.9981509936195385
            ],
            "focalLength": 20,
            "smoothness": 1,
            "keyframeType": 0
        },
        {
            "id": 3014,
            "t_s": 21.28625,
            "position": [
                0.5852005481719971,
                0.04378116503357887,
                2.1422135829925537
            ],
            "quaternion": [
                -0.06828822105161171,
                0.19948492846870913,
                0.0284823527745871,
                0.9771034939057814
            ],
            "target": [
                0,
                0,
                0
            ],
            "azimuth": 1.3041270066833304,
            "elevation": 0.019712414964793035,
            "radius": 2.221138335887771,
            "lookAtRelativeQuaternion": [
                -0.06165879404148062,
                0.06762619150811217,
                0.019818803915052922,
                0.995606401342346
            ],
            "focalLength": 20,
            "smoothness": 1,
            "keyframeType": 0
        },
        {
            "id": 3302,
            "t_s": 24.327142857142857,
            "position": [
                1.6326607465744019,
                0.2811205983161926,
                1.4794836044311523
            ],
            "quaternion": [
                -0.10508074660846618,
                0.46387747806716806,
                0.07180532977416688,
                0.8767095964873333
            ],