{
    "schemaVersion": 4,
    "keyframes": [
        {
            "id": 328,
            "t_s": 0,
            "position": [
                -1.7727932929992676,
                1.1813465356826782,
                -6.514655113220215
            ],
            "quaternion": [
                0.0220945861786733,
                0.9897178375279098,
                0.075177222923721,
                -0.11966125724372019
            ],
            "target": [
                0,
                0,
                0
            ],
            "azimuth": -1.8364866801210165,
            "elevation": 0.17322037159391712,
            "radius": 6.854130648104028,
            "lookAtRelativeQuaternion": [
                0.009078121379242354,
                -0.013472166972339102,
                0.010817507939602563,
                0.9998095168292154
            ],
            "focalLength": 24,
            "smoothness": 1,
            "keyframeType": 0
        },
        {
            "id": 672,
            "t_s": 2,
            "position": [
                -4.458810329437256,
                1.755660057067871,
                -0.08441218733787537
            ],
            "quaternion": [
                -0.14236738088279857,
                -0.7162777038972564,
                -0.1322177446391354,
                0.6702210444332773
            ],
            "target": [
                0,
                0,
                0
            ],
            "azimuth": -3.122663365567388,
            "elevation": 0.37504646458945506,
            "radius": 4.792750484560102,
            "lookAtRelativeQuaternion": [
                -0.007859942665401992,
                -0.024558738890362905,
                0.004514953803694863,
                0.999657294014308
            ],
            "focalLength": 24,
            "smoothness": 1,
            "keyframeType": 0
        },
        {
            "id": 1237,
            "t_s": 4,
            "position": [
                1.0851393938064575,
                1.4023075103759766,
                6.379142761230469
            ],
            "quaternion": [
                -0.14214274721350634,
                0.0818860407184399,
                0.01886929017294103,
                0.9862728150129317
            ],
            "target": [
                0,
                0,
                0
            ],
            "azimuth": 1.402301787497807,
            "elevation": 0.21341369903451382,
            "radius": 6.62098604633831,
            "lookAtRelativeQuaternion": [
                -0.037008001232934074,
                -0.002117613575340245,
                0.00665369827065136,
                0.9992905742835361
            ],
            "focalLength": 24,
            "smoothness": 1,
            "keyframeType": 0
        },
        {
            "id": 1497,
            "t_s": 6,
            "position": [
                3.9527475833892822,
                0.2770945429801941,
                0.8684874176979065
            ],
            "quaternion": [
                -0.006844380598583328,
                0.6089846039985602,
                0.02149333591755933,
                0.7928612382082797
            ],
            "target": [
                0,
                0,
                0
            ],
            "azimuth": 0.216280734382211,
            "elevation": 0.06836185677921511,
            "radius": 4.056508996469598,
            "lookAtRelativeQuaternion": [
                0.015365314491311203,
                -0.022687881877552198,
                0.011692028242495666,
                0.9995561332897535
            ],
            "focalLength": 24,
            "smoothness": 1,
            "keyframeType": 0
        },
        {
            "id": 1723,
            "t_s": 8,
            "position": [
                2.854640007019043,
                0.36266759037971497,
                -2.8591628074645996
            ],
            "quaternion": [
                0.0000661891451686776,
                0.9148595503769039,
                0.03183124473137999,
                0.40251555318639115
            ],
            "target": [
                0,
                0,
                0
            ],
            "azimuth": -0.786189720202574,
            "elevation": 0.08952327874970717,
            "radius": 4.05651442871517,
            "lookAtRelativeQuaternion": [
                0.015354701679245242,
                -0.022694852803469067,
                0.011226535978143763,
                0.9995614746864903
            ],
            "focalLength": 24,
            "smoothness": 1,
            "keyframeType": 0
        },
        {
            "id": 2363,
            "t_s": 10,
            "position": [
                1.5920157432556152,
                1.849170207977295,
                -5.125524044036865
            ],
            "quaternion": [
                -0.011788834200386658,
                0.974819679244562,
                0.15420621823611114,
                0.16064886749055893
            ],
            "target": [
                0,
                0,
                0
            ],
            "azimuth": -1.2696383765836685,
            "elevation": 0.33180202865307756,
            "radius": 5.676701622495632,
            "lookAtRelativeQuaternion": [
                0.011028707423903106,
                -0.014320138210651768,
                0.00923913926729506,
                0.9997939485627739
            ],
            "focalLength": 24,
            "smoothness": 1,
            "keyframeType": 0
        },
        {
            "id": 2608,
            "t_s": 12,
            "position": [
                -0.7431581020355225,
                2.5308475494384766,
                -8.054591178894043
            ],
            "quaternion": [
                0.018882570243145366,
                0.988826727728104,
                0.14298183440982912,
                -0.037700743954970174
            ],
            "target": [
                0,
                0,
                0
            ],
            "azimuth": -1.6628009973818505,
            "elevation": 0.303233621828425,
            "radius": 8.475488914643067,
            "lookAtRelativeQuaternion": [
                0.007402455803242586,
                -0.009577674856392122,
                0.010966643414683543,
                0.9998665933608626
            ],
            "focalLength": 24,
            "smoothness": 1,
            "keyframeType": 0
        }
    ],
    "settings": {
        "bgColor": {
            "r": 0,
            "g": 0,
            "b": 0,
            "a": 0
        },
        "fov": 60,
        "fps": 30,
        "width": 1280,
        "height": 720,
        "motionMode": "freeform",
        "interpolation": "Spline",
        "tension": 0,
        "loop": false,
        "depthMaps": false,
        "transparentBackground": false,
        "segmentation": false,
        "fovXOverride_deg": null,
        "fovXMultiplier": 1
    },
    "templateState": null
}