{
    "schemaVersion": 4,
    "keyframes": [
        {
            "id": 510,
            "t_s": 0,
            "position": [
                -2.2330451011657715,
                0.9574447870254517,
                -5.410510063171387
            ],
            "quaternion": [
                0.02285695207755564,
                0.9703491618780589,
                0.10170530813063804,
                -0.21807359793445572
            ],
            "target": [
                0,
                0,
                0
            ],
            "azimuth": -1.9622229622471012,
            "elevation": 0.16213996317476267,
            "radius": 5.931004138231696,
            "lookAtRelativeQuaternion": [
                -0.023352180496446287,
                0.02491342347210816,
                0.004675215537021934,
                0.9994058932137617
            ],
            "focalLength": 20,
            "smoothness": 1,
            "keyframeType": 0
        },
        {
            "id": 1218,
            "t_s": 6.8606120444898835,
            "position": [
                -5.58430814743042,
                1.9825528860092163,
                -0.24934108555316925
            ],
            "quaternion": [
                -0.13682336295832426,
                -0.6909112694630086,
                -0.1356698394411987,
                0.6967888348989896
            ],
            "target": [
                0,
                0,
                0
            ],
            "azimuth": -3.0969719812928256,
            "elevation": 0.3408279903154394,
            "radius": 5.931035694398245,
            "lookAtRelativeQuaternion": [
                -0.023471766272698036,
                0.024800737969790702,
                0.009456852249893052,
                0.9993720869755273
            ],
            "focalLength": 20,
            "smoothness": 1,
            "keyframeType": 0
        },
        {
            "id": 2035,
            "t_s": 13.187164468750003,
            "position": [
                -0.7826576232910156,
                1.5069026947021484,
                4.703155517578125
            ],
            "quaternion": [
                -0.1797247117102484,
                -0.05046164637005238,
                -0.00923236918300315,
                0.982378447242937
            ],
            "target": [
                0,
                0,
                0
            ],
            "azimuth": 1.735696404822306,
            "elevation": 0.3061213423761105,
            "radius": 5.000298042029264,
            "lookAtRelativeQuaternion": [
                -0.027869723182423662,
                0.029403382271400068,
                0.010202748963386406,
                0.9991269306530628
            ],
            "focalLength": 20,
            "smoothness": 1,
            "keyframeType": 0
        },
        {
            "id": 2430,
            "t_s": 19.780746703125004,
            "position": [
                1.9721605777740479,
                0.48879534006118774,
                2.3668365478515625
            ],
            "quaternion": [
                -0.11361479133348415,
                0.38290154128169307,
                0.04663855406270747,
                0.9155888455976147
            ],
            "target": [
                0,
                0,
                0
            ],
            "azimuth": 0.8761087230952124,
            "elevation": 0.1573470159721076,
            "radius": 3.1193354217264773,
            "lookAtRelativeQuaternion": [
                -0.04442130652312598,
                0.047810365626585596,
                0.008963927468673312,
                0.9978279232930128
            ],
            "focalLength": 20,
            "smoothness": 1,
            "keyframeType": 0
        },
        {
            "id": 2852,
            "t_s": 26.374328937500007,
            "position": [
                3.006711483001709,
                0.6039246916770935,
                -0.570315957069397
            ],
            "quaternion": [
                -0.08543516003371059,
                0.7924849489828912,
                0.11277602392646338,
                0.5932537458854633
            ],
            "target": [
                0,
                0,
                0
            ],
            "azimuth": -0.1874540162891866,
            "elevation": 0.19483676403706177,
            "radius": 3.119342761884239,
            "lookAtRelativeQuaternion": [
                -0.04451040320144799,
                0.04772744306437402,
                0.01082433534406381,
                0.9978094750321518
            ],
            "focalLength": 20,
            "smoothness": 1,
            "keyframeType": 0
        },
        {
            "id": 3330,
            "t_s": 32.96791117187501,
            "position": [
                0.735592246055603,
                0.7039667367935181,
                -2.9485080242156982
            ],
            "quaternion": [
                -0.012292135228210571,
                0.9848559065737527,
                0.15729831915980952,
                0.07186783324417223
            ],
            "target": [
                0,
                0,
                0
            ],
            "azimuth": -1.3263076256440676,
            "elevation": 0.22763805724590597,
            "radius": 3.119353248324595,
            "lookAtRelativeQuaternion": [
                -0.04458942378753793,
                0.04765360909704841,
                0.01247346283947054,
                0.9977902232025044
            ],
            "focalLength": 20,
            "smoothness": 1,
            "keyframeType": 0
        },
        {
            "id": 3668,
            "t_s": 39.56149340625001,
            "position": [
                -3.440202474594116,
                1.9474961757659912,
                -4.38889217376709
            ],
            "quaternion": [
                0.06610774901763049,
                0.9190818878712562,
                0.17837776789844256,
                -0.3451081285830663
            ],
            "target": [
                0,
                0,
                0
            ],
            "azimuth": -2.235607511833885,
            "elevation": 0.3359910195908989,
            "radius": 5.906784991328248,
            "lookAtRelativeQuaternion": [
                -0.02341397776748283,
                0.02521793811996057,
                0.008619103189141296,
                0.9993705778588861
            ],
            "focalLength": 20,
            "smoothness": 1,
            "keyframeType": 0
        },
        {
            "id": 3860,
            "t_s": 46.15507564062501,
            "position": [
                -4.99266242980957,
                2.19456148147583,
                -2.268803358078003
            ],
            "quaternion": [
                -0.11899445024660285,
                -0.8069020860017881,
                -0.1756259870946147,
                0.5512756728916581
            ],
            "target": [
                0,
                0,
                0
            ],
            "azimuth": -2.7150628798615193,
            "elevation": 0.3806581362330701,
            "radius": 5.906796670923709,
            "lookAtRelativeQuaternion": [
                -0.023446649017720117,
                0.02518744385955773,
                0.00989948672788099,
                0.9993587233485394
            ],
            "focalLength": 20,
            "smoothness": 1,
            "keyframeType": 0
        },
        {
            "id": 4150,
            "t_s": 52.748657875000006,
            "position": [
                -5.096426486968994,
                2.600501298904419,
                1.467720627784729
            ],
            "quaternion": [
                -0.20242992633014675,
                -0.5604585779097754,
                -0.14463987880042778,
                0.7899288647586011
            ],